{"id":"a542c56d-957a-47e9-a1bc-911e2af17838","revision":0,"last_node_id":0,"last_link_id":0,"nodes":[],"links":[],"groups":[],"config":{},"extra":{"ue_links":[],"ds":{"scale":0.30735605491428186,"offset":[840.1036922743057,-382.61747699652835]}},"version":0.4}